{"products":[{"id":"0.26542896437761976","qty":1}],"totalPrice":2195.427585387527}